tweets,sentiment,class
"So, if it is called a war, you can justify the murder of thousands of people who did not provoke you?
#Pepsi, #Hilton, #Marriott,  #Nestle
You may not close them, but you can stop doing business with them.
The love of money makes evil!",-0.7943,-1
"@thalia @worldofwomennft this is so hype for women , this is our chance 
lets join it 
@Peng_CPH
@kiewying2 
#hilton #ThalyWOW",0.4939,1
"üëÑüëõüë†I'm so into you
I can barely breathe
And all I wanna do
Is to fall in deep
But close ain't close enough
'Til we cross the line, yeahüíóüå∏ @barbiestyle @HiltonReforma 
#illuminati #world #power #ggm #work #hilton #pink #barbie #goodmorning #fitnessmodel #fitness #model #girl https://t.co/Fl5pmTvrnu",0.0,0
@DoubleTree at @LA_DoubleTree by @hilton didn't deliver my luggage. It happened two weeks ago and they have not resolved me. They don't answer me anymore. I have already communicated by DM with you and you don't care. #Hilton #thief #sucks @LA_DoubleTree @DoubleTree @HiltonHotels,-0.4847,-1
"Thank you to the agents who visited us on today‚Äôs #Hilton Brand Education Day! We hope you love our hotel as much as we do. Enjoy the contents of your Explore Waterloo goody bag - it's  made from recycled plastic &amp; is recyclable too. 
#GWOE22 #EMEAGWOE22 #reducereuserecycle https://t.co/qTYDkOvu3v",0.92,1
"#Brillare #plumbers in #Hilton will get the job done promptly and efficiently. Brillare is a leader in all areas of #plumbing, #draining and gas fitting. Our local Hilton plumbers will conduct any plumbing service the right way.
To know more: https://t.co/6gFAsFTvML https://t.co/5OMrtHrzFR",0.4019,1
"RT @Mr__OG: @ParisHilton the Hppr community wants you. 

I feel like this Hppr is a great fit? ‚≠ê üíó Nice jacket, pink af, badie. 

https://t‚Ä¶",0.8979,1
"@RussianEmbassy @KremlinRussia_E @mfa_russia @RusTradeUK @RBCCMoscow @BBCBusiness @SkyNewsBiz @ftworldnews @TheEconomist @business @BusinessDesk And me, don't forget the brazen pressure from me (cause I'm not American or a vassel). I've been tweeting #Nestlecare #Hilton and #Marriott #SupportUkraine",-0.1366,-1
Good timing #Atlanta #Georgia #WeatherWarning #SecondAlert #TWD #TheWalkingDead #Convention #Hilton #WorldCongressCentre https://t.co/q2nDOTkHTN,0.4404,1
#Hilton: Where is Biden's border czar? - https://t.co/clCY3UBVuT - #KamalaHarris #Mexico #Police #Revolution #SteveHilton,0.0,0
"A beautiful #Florida sunrise at our @HamptonByHilton site in #FortMyers to start the week off right! Thank you to the photography skills of our #superintendent, Ryan Williams, for capturing the moment. ‚òÄÔ∏è
#construction #hospitality #hilton #commercialconstruction #realestate https://t.co/cxYmDrjtHB",0.7712,1
"@EuromaidanPR I hope to see American companies that continue to do business with #Russia receive harsh penalties! #Pepsi, #Nestle, #BurgerKing, #Hilton, #Hyatt, #Subway, #Marriott &amp; others. Stop business with #Russia. No import or export!!! Don't support mass murderer!!!! #StopPutinNOW",-0.7799,-1
"Namaste...
I'm Tanmay Biswas, from West Bengal. I had completed my 6 month industrial training from Sayaji Hotel Raipur. 
Currently I'm looking for an OJT in Food Production (Bakery).
#marriott #hyatt #tajhotel #itc #oberoy #novetel #hilton
#hollidayinn  #lelapalace
#hospitality",0.0,0
M13 Addepar Rockefeller Rothschild Rainmakers PLAYLIST  https://t.co/lAAh58vA2Q via @YouTube @ParisHilton @NickyHilton #work #music #M13 #5d #9d #Rainmakers #Rockefeller #Rothschild #Hilton #MickelIndustries #BrittneyMickel @Dieselparfums @PerezHilton @TMZ  @peterthiel #NWOüöÄ@MIT https://t.co/krE6I4GBv4,0.0,0
"#Didyouknow that we have a gym at the hotel? It is complimentary to all residential guests! üí™

#hgibhxairport #hiltongardeninn #hilton #castlebridgehospitality #birmingham #gym https://t.co/PwLlTJeCnd",0.4926,1
"#Renault and other Western companies like #Nestle and hotel chains like #Marriott #Hyatt and #Hilton want to pretend that everything is normal 

Thousands of innocent lives are lost in most gruesome way. Children and older people are being murdered by bombs #StandWithUkraineÔ∏è https://t.co/wYDe0dSEgL",-0.1027,-1
"Opinion | Stop buying from these companies. They‚Äôre funding Putin‚Äôs war. - The Washington Post 

I don‚Äôt purchase items from any of these businesses; but I am going to have to boycott #Hilton and #Marriott. 

Please #boycott these companies &amp; Hotel chains. https://t.co/IOjiyhP13j",-0.4678,-1
"We are all overdue to reconnect in-person
Join us at the #ACRM Cocktail Party at #Chicago #Hilton during #ACRMSpring2022
Everyone from the #rehabilitation community invited
Join the fun &amp; enjoy a selection of hors d‚Äôoeuvres &amp; cash bar
Friday 29 April
RSVP https://t.co/iZk4CSAopg https://t.co/KoqcS2VU61",0.9118,1
"Running some screening today and i found few interesting names to watch:
1. #Hilton #HTL is forming a new base after 2 failed breakout. This base undercuts both previous bases and roars back up with volume. Fundamental is great. I personally like Hilton hotel better than #Marriot https://t.co/2jHOJRfHoK",0.836,1
Plus With A One Night Stay At The Homewood Suites By Hilton Anaheim Resort - Convention Center! #Disneyland #DisneyCaliforniaAdventure #Disney #WaltDisney #MickeyMouse #MinnieMouse  #WaltDisneyCompany #MagicKey #DisneylandMagicKey  #HomewoodSuites #HomewoodSuitesAnaheim #Hilton https://t.co/0yEvZb5Tmp,0.0,0
"RT @Acecharity: Recycle the present for the future!

Our partnership with @hiltonabuja gives us the opportunity to recycle leftover soaps t‚Ä¶",0.4753,1
"üå∏üëõOh, baby, look what you started
The temperature's rising in here
Is this gonna happen?
Been waiting and waiting for you
To make a move
Before I make a moveüë†üëÑüíó @barbiestyle @HiltonReforma 
#illuminati #world #power #ggm #work #GoodVibes #hilton #pink #barbie #mexico https://t.co/3oP5wSmsWg",0.0,0
"RT @GDTraveltips: GD TRAVEL NEWS - Hilton is to open a new hotel under its Canopy by Hilton brand in central Cannes, France. The 143-room h‚Ä¶",0.0,0
"Hilton Rectangle Undercounter Washbasin (36x53)
https://t.co/9HCSDVe6I2

#hilton #rectangle #undercounter #washbasin #36x53 #washbasins",0.0,0
"NFT Royalty Paris Hilton Puts Her Faith in the RSTLSS Fashion Empire 

 Notable socialite and bastion of t... #Empire #Faith #fashion #Hilton #NFT #Paris #puts #Royalty #RSTLSS
https://t.co/tibOcP7b5S",0.4215,1
"RT @indiaoutbound: #Hilton to launch #Canopy brand in #Cannes in French Riviera. @HiltonHotels says hotel, with 143 rooms &amp; suites, most wi‚Ä¶",0.6369,1
"DoubleTree by Hilton at The Entrance to Universal Orlando ‚≠êÔ∏è‚≠êÔ∏è‚≠êÔ∏è‚≠êÔ∏è‚≠êÔ∏è
üëâhttps://t.co/TdH2bOUHR0
#OrlandoCity #Hilton #Hotel #Travel #holidays https://t.co/8glpEiSiMv",0.0,0
"Ready to book your next @HiltonHonors award stay? 
Despite a recent (and, frankly, brutal) devaluation affecting Hilton‚Äôs top-tier properties, members can now purchase Hilton Honors points for as little as 0.5 cents apiece.

#Hilton #points #hotel #resort 
https://t.co/U5uIz834Du",0.8519,1
"We are all overdue to reconnect in-person
Join us at the #ACRM Cocktail Party at #Chicago #Hilton during #ACRMSpring2022
Everyone from the #rehabilitation community invited
Join the fun &amp; enjoy a selection of hors d‚Äôoeuvres &amp; cash bar
Friday 29 April
RSVP https://t.co/cDGXGNxTkU https://t.co/MArQnznNcB",0.9118,1
"Hilton Undercounter Washbasin (37x47)
https://t.co/yZmUx8H7xS

#hilton #undercounter #washbasin #37x47 #washbasins",0.0,0
"RT @cppluxury: Major airlines like #Emirates &amp; #TurkishAirlines still operate to flights to Russia. 

All major luxury hotel chains with a‚Ä¶",0.3612,1
RT @LOrion: @IanPannell @ZelenskyyUa @Yale ESPECIALLY #Hilton #Hyatt #Marriott .. also #BurgerKing whose OLIGARCH owner was just revealed i‚Ä¶,0.0,0
Paris Hilton in versione cartoon per la terza stagione delle Rainbow High -  #Paris #Hilton #versione #cartoon  https://t.co/tKw6To6ae7,0.0,0
Companies still doing #Business in Russia  Including #Hilton  https://t.co/1FWhcs3bjQ,0.0,0
"The Hilton Garden Inn Providence is the perfect place to stay when visiting Providence. This hotel offers stunning views of the harbor, on-site dining, and complimentary Wi-Fi.

Book Now üëâhttps://t.co/UWUqEp5eV3

#HiltonGardenInn #AmericanHotels #Hilton https://t.co/caCUgjn7lP",0.8481,1
RT @Home2Warminster: #H2 #Hilton #Spring #home2suites #warminster #hotels #season #warmweather Happy 1st Day of Spring!! It‚Äôs our TEAMS fav‚Ä¶,0.6467,1
DoubleTree by #Hilton Wroclaw https://t.co/YFES9MfcSv #breslau #doubletreebyhilton #f√ºnfsterne,0.0,0
Sad to hear that @HyattConcierge #hyatt is still supporting Russia and Putin‚Äôs war. I expect it from @HiltonHotels #Hilton and @Marriott #Marriot. Let‚Äôs name and shame @thepointsguy,-0.802,-1
"We at Brillare Plumbing understand that our Hilton customers are always busy and that #plumbing issues, like #leaking taps and toilets, always arise at the worst of times. We provide #Plumber #Hilton service to our clients.
 Learn more: https://t.co/viQz0b2AUf https://t.co/jjAGLDFxcu",-0.3818,-1
"Hilton To Open 15 New Hotels In Mexico This Year

https://t.co/MQOe2VvdVK

#hilton #hotels #mexico",0.0,0
"Together We...
Together We Rise
Together We Collaborate 
Together We connect &amp; Commit
Together We Shine
Together We Achieve &amp; Inspire
#Hilton #HiltonTogether https://t.co/67OWJSgahU",0.7096,1
Nothing feels like #Hilton https://t.co/Z9CZu8QQ1O,-0.2755,-1
"Incase anyone else wants to sue @HamptonByHilton in denver

The info you need is in the pic

They still owe me $250

#Hamptoninn #denver #Hilton #hamptonbyhilton #colorado #lawsuit #hotels #denverhotels https://t.co/w43bUyppn5",0.0,0
#hamptoninncookesvilletn #hamptoninn #hiltonhonors #hilton. Disgusting experience last night as we checked in to our supposedly clean hotel room. https://t.co/qHMcA5J3MI,-0.1779,-1
Has anyone ever bought into Hilton Grand Vacations or know someone who has? My wife and I went to a presentation and my wife is interested- we didn‚Äôt buy but my wife is seriously considering it and I want to wait and do due diligence. #hilton #timeshare #vacation,0.3071,1
I love #Hilton during Juicy Wiggle!,0.6696,1
"#Wedding photography at #Hilton Puckrup Hall #Tewkesbury, #Gloucestershire 
https://t.co/ffnq1gFhaF https://t.co/pIW9TXzJc5",0.0,0
"RT @ACRMtweets: We are all overdue to reconnect in-person
Join us at the #ACRM Cocktail Party at #Chicago #Hilton during #ACRMSpring2022
Ev‚Ä¶",0.5994,1
"#Hilton network will provide 1 million rooms in its hotels for Ukrainians fleeing the war. 

One person can get a free reservation for 5 nights in one of the 200 hotels in Europe according to the new company‚Äôs policy. 

#stoprussia 
#RuSSiaKills 
#WarCrimes https://t.co/Zhh9xWXDXa",-0.1531,-1
"RT @th3nft: The birthday of the Princess @ParisHilton has been minted as an #NFT on @opensea 

https://t.co/w0ySvETZyG 

#nfts #NFTCommunit‚Ä¶",0.0,0
"Arabian adventure Every day is an adventure at Hilton Ras Al Khaimah Beach Resort.

Contact us for best deals!
bookings@selectmyflight.com
Mobile: +971 50 968 3400
WHATSAPP on the same

#selectmyflight #dubaiüá¶üá™ #tourism #traveltodubai‚úàÔ∏è #hilton #hiltonrasalkhaimahresortandspa https://t.co/RRrWhHhDNM",0.8439,1
RT @_christiankrogh: #Catepillar #City #Hyatt #Nestl√© #Hilton #Mariott   #hitachi #Samsung #LG #Sony #Toyota  #Sumitomo  #Japantobaco Compa‚Ä¶,0.0,0
"Will you consumer boycott firms staying in Russia?

#Renault #Auchan #LeroyMerlin #Nestle #Acer #Danone #Decathlon #DPD #Oriflame #Pirelli #RedBull #Metro #Mazda #Mars #Mariott #Linde #Koch #Hilton #HSBC #Hyatt #Bayer #BASF #BNP #Abbott #CreditSuisse #Nokian #Sanofi #Schlumberger",-0.3182,-1
RT @DeirdreMooney: Brilliant practical help from Hilton Hotels. They offer up to 5niggts free accommodation to üá∫üá¶ Ukrainian refugees. The l‚Ä¶,0.8689,1
"A really well-located @HamptonByHilton coming with some issues still make a rather good stay: here are my thoughts about Hampton by Hilton Stuttgart City Centre:

https://t.co/cNnjmr0xg4

#stuttgart #hamptonbyhilton #hilton #hotel #hotelreview",0.4404,1
"What‚Äôs better than a night at the Hampton Inn Hallandale Beach Aventura? Waking up with unlimited spending potential. Register and earn Bonus Points by visiting us anytime through May 1!

#hiltonhonors #vacation #hotel #hilton #florida #southflorida #travel #booknow #travelmore https://t.co/LmefPc3YgH",0.7712,1
"We are all overdue to reconnect in-person
Join us at the #ACRM Cocktail Party at #Chicago #Hilton during #ACRMSpring2022
Everyone from the #rehabilitation community invited
Join the fun &amp; enjoy a selection of hors d‚Äôoeuvres &amp; cash bar
Friday 29 April
RSVP https://t.co/dgjAH3Tloq https://t.co/varZOQLaXE",0.9118,1
"Most Epic #Adventures, #TikTok #Financial Advice, New #Hilton Offers, #Money Rules - #Travel Blogger Buzz https://t.co/8haf2wc754 https://t.co/cp4cm9vjNP",0.0,0
@MrNovusOrdo @squad3o3 @YourAnonNews #Hilton and #Marriott hotels are also still doing business in Russia.,0.0,0
"Yo @ParisHilton check out this custom 1/1 tribute Hppr that @shakkablood has made for you!! 

Peep the cute pooch! And the Paris necklace! And the pearls. 

It's so good!! 

#ParisHilton #paris #hilton #NFTCommmunity #BAYC https://t.co/Zv1OfEZffg",0.8364,1
"@Schjei Are you the GM for Embassy Suites South Anaheim? If so, I need to speak with you ASAP #EMBASSYSUITES #HILTON",0.0,0
"RT @FedeLion44: @ParisHilton
We love you üíúüíúüíúüíúüòç
#GrimaceCoin #Grimace
#Paris #Hilton https://t.co/EDPOzA7L7e",0.6369,1
"Looking to plan your next conference? Looking for a centrally located wedding reception venue? Hilton Garden Inn Thornton has the space fit to create your perfect event. Call them with the number below and start planning now!

üìû303-255-1000

#SpiritHospitality #Hilton https://t.co/XyTyI8F29D",0.8501,1
"You are loved, cared for, appreciated beyond measure.‚Äù To all Mothers, we wish you a happy and healthy Mother‚Äôs Day!

#Hilton #Hiltonmoments #Hiltonmemories #staywithus #Mothersday #Mothersday2022 https://t.co/9HAo58fEpy",0.9606,1
"Brilliant practical help from Hilton Hotels. They offer up to 5niggts free accommodation to üá∫üá¶ Ukrainian refugees. The link mentioned in the pic is 

https://t.co/D5AA7EORLb
 #hilton #help #hotels #saveukraine https://t.co/nWKxek7XRB",0.8689,1
"Stay connected with work or loved ones in our conveniently located Business Center. 
#Hilton #HappyMonday #Houston #Hotel #BusinessCenter https://t.co/YnX3zmx6Ri",0.5994,1
Aloha POS Swipe Cards https://t.co/GBVaJ29xxK #Zaxbys #IHOP #Sonicdrivein #Hilton #Marriott #Cymarriott #ritzcarlton #Hotel #Hotels #restaurants #eatatperkins #HiltonGardenInn #HGI #Friendlys #eatatperkins #shakeshack #hyatthotels #hyattregency #perkinsrestaurant #raisingcanes https://t.co/GKziy7IjP0,0.0,0
"GD TRAVEL NEWS - Hilton is to open a new hotel under its Canopy by Hilton brand in central Cannes, France. The 143-room hotel will be a short walk from the beaches and the Old Port and the Palais des Festivals, famous for its film and television festivals
#cannes #hilton #hotel https://t.co/Vcf6n2JxOA",0.6124,1
Throwback to when I met the owner of my favorite @NBA team and also my favorite Cruise line @MickyArison #PeepTheChampionshipRing #GOAT #MiamiHeat #CarnivalCruiseLines #Hilton @_sports365 https://t.co/pQ1OhQ6QR7,0.7184,1
#H2 #Hilton #Spring #home2suites #warminster #hotels #season #warmweather Happy 1st Day of Spring!! It‚Äôs our TEAMS favorite time of year https://t.co/i1ApgZBA10,0.8065,1
Evention looks forward to spending time with our @Hilton clients at the Hilton Americas Finance Conference this week! #AFCBrighterTogether #Hilton https://t.co/q4LPIKu0MO,0.0,0
"@ParisHilton the Hppr community wants you. 

I feel like this Hppr is a great fit? ‚≠ê üíó Nice jacket, pink af, badie. 

https://t.co/zS32ljSs0E

#parishilton #hilton #quay https://t.co/1hw9fuHiEz",0.8979,1
The companies still doing business in Russia despite Ukraine invasion | ITV News #hilton #marriot #nestle #mars  https://t.co/JeR7UOnWSH,0.0,0
RT @christhejason: Killer stuff by Sharanya Gopinath and blessonjoe :) #FlairConsultancies #Hilton #LoungeMusic‚Ä¶ http://t.co/NCuAj6X30g,-0.3182,-1
The meet and greet for the #nationalcoalitionofblackmeetingplanners was an awesome event and a great way to go out and engage new people during #GWOE for #Hilton. https://t.co/NFhlWPHlH4,0.9169,1
"The birthday of the Princess @ParisHilton has been minted as an #NFT on @opensea 

https://t.co/w0ySvETZyG 

#nfts #NFTCommunity #nftcollection #datetoken #nftseries #parishilton #hilton #heiress #birthday https://t.co/4sK9bsselF",0.0,0
Steve #Hilton: Xi Jinping picked the wrong side - https://t.co/HmK8d0B9eM - #China #Revolution #SteveHilton #XIJinping,-0.4767,-1
RT @JLowPhotos: I've converted a photo I took of the lighthouse at Hale Head near Widnes into a drawing using app on my  #Hale #Head #Light‚Ä¶,0.0,0
"10 Major U.S. Brands Still in @Russia include #Hilton, @Hyatt and @Marriott.
https://t.co/6X0iO4NnUl",0.0,0
@LatestAnonPress I'm still waiting for replies from #Nestlecare and #Hilton hotels who are both still operating in Russia. #Russia. #SupportUkraine #boycottnestle #BoycottRussia,0.0,0
"We can't get over how gorgeous our new Botanika accommodations are.  You'll need to come down to visit to see for yourself.

#luxury #botanika #hilton #curiocollection #paradise #costarica #puravida #crocodilebay https://t.co/5uLf8q7wvC",0.6124,1
"We are #hiring.  I am looking for a Coordinator/Admin with #Hilton experience for our hotel in #SilverSpring.  Must know OnQ, Delphi FDC and RNI.  Please DM me if you or someone you know would be a good fit. #hotel #experience",0.7717,1
Strollin' #sidesalad #balsamicdrizzleshrimpsalad #filetmignonsliders #fries #paseobar #salad #shrimp #filetmignon #estanciadelnortehotel #hiltontapestrycollection #hilton #latepost https://t.co/bGzWCW2XR8,0.0,0
"Been learning the importance of rejuvenation. Make sure you spend some intentional time with yourself for yourself and with family. 

While you‚Äôre working the garden, don‚Äôt forget to enjoy the garden. 

#FamilyTime #springbreak2022 #Golf #Hilton https://t.co/Dtq6aA1EgG",0.7269,1
"RT @BouldersResort: ""Beautiful sunsets need cloudy skies""-Paulo Coelho. You can enjoy these views while you work at our legendary resort. N‚Ä¶",0.7964,1
RT @georgettelake: We are #hiring.  I am looking for a Coordinator/Admin with #Hilton experience for our hotel in #SilverSpring.  Must know‚Ä¶,0.0,0
Witty Jimmy John's Commercial Filmed at Hotel del Coronado https://t.co/AQ8DUViiSs via @coronadoisland #sandiego #hilton,0.0,0
I suggest you don't stay at @Hilton. They do not answer for the incompetence of their staff . They lost our luggage 20 days ago and they have not taken responsibility. thousands of dollars and they don't answer emails or phone calls #hilton @HiltonHotels #thief @DoubleTree https://t.co/Mfl1tl83Mt,-0.6808,-1
Absolutely appalled by #DoubleTree by #Hilton,-0.5095,-1
"RT @HiltonPyramidsG: Don't miss this epic match! Egypt Vs Senegal on March 25th at OB's bar.
And Enjoy our special menu for fine selection‚Ä¶",0.8144,1
tonight‚Äôs location and view ‚òÄÔ∏èü§© #AgeasBowl #Hilton #view #stunning #sunset https://t.co/Fn6y5NlpWB,0.0,0
#Receptionist P/T 24 hrs pw #Hilton Hotel #Croydon @HiltonHotels https://t.co/dJeHcISZ4I #Jobs #CustomerServiceJobs #HospitalityJobs #AdminJobs #HotelJobs #SM1Jobs #SuttonJobs,0.0,0
POS Swipe Cards https://t.co/GBVaJ29xxK #Zaxbys #IHOP #Sonicdrivein #Hilton #Marriott #Cymarriott #ritzcarlton #Hotel #Hotels #restaurants #eatatperkins #HiltonGardenInn #HGI #Friendlys #eatatperkins #shakeshack #hyatthotels #hyattregency #perkinsrestaurant #raisingcanes https://t.co/nQcuLN64Ak,0.0,0
#HotelsResorts #Hilton Hilton to Debut in Cannes https://t.co/OW2c4UdvWX https://t.co/1ey5qttYcU,0.0,0
RT @Disneyfan9523: Plus With A One Night Stay At The Homewood Suites By Hilton Anaheim Resort - Convention Center! #Disneyland #DisneyCalif‚Ä¶,0.0,0
"RT @HiltonPyramidsG: You are loved, cared for, appreciated beyond measure.‚Äù To all Mothers, we wish you a happy and healthy Mother‚Äôs Day!‚Ä¶",0.9606,1
Shot on Samsung Note 10  #Summer #Gazebo #Beach #Beachvibes #Beautifuldestination #Dwsphotography #Dewanderersoul #WanderlustXL #Hilton #Huts #Clickasnap #Travel #Travelrepost #Traveltribe #TravelPhotography https://t.co/qSglpDium4,0.0,0
"The Power of Now At Transcorp Hilton, Abuja

On March 24-26 join our amazing team to discuss studying abroad and immigration among other important things for your child's future.

#Transcorp #Hilton #immigration #Abuja #SOC #SouthernOntarioCollegiate #Cradle2Harvard #Canada #Visa https://t.co/Bt9OaMeYQh",0.7783,1
"RT @CoinsCapture: News : Paris Hilton to Host a Live DJ Session in The Sandbox Metaverse.

Socialite and fashion icon, Paris Hilton has ann‚Ä¶",0.0,0
"@ParisHilton
We love you üíúüíúüíúüíúüòç
#GrimaceCoin #Grimace
#Paris #Hilton https://t.co/EDPOzA7L7e",0.6369,1
@HiltonGardenInn at @LA_DoubleTree by @hilton didn't deliver my luggage. It happened two weeks ago and they have not resolved me. They don't answer me anymore. I have already communicated by DM with you and you don't care. #Hilton #thief #sucks @LA_DoubleTree @DoubleTree @HiltonHotels,-0.4847,-1
"https://t.co/dd7TGk5WG5, https://t.co/hxq7Qo2t7U, BBA, MBA Vacancy at Hilton https://t.co/Mgcf7TM8s6 #JOBS #BCOM #BBA #HILTON Twitter @castudycafe https://t.co/rWkqq1cGcW",0.0,0
"Major airlines like #Emirates &amp; #TurkishAirlines still operate to flights to Russia. 

All major luxury hotel chains with a presence in #Moscow operate still normally

Major hotel groups like #Accor, #IHG, #Hilton and #Marriott conduct business as usual 

#Ukraine #SaveUkraine https://t.co/RVXtWvbbIr",0.6124,1
KiltronX Live-Free Bedbug Dryer Strips- 60 Dryer Loads plus ‚ÄúLightening‚Äù 30 second bug spray killer &amp; #Laundry #Detergent Poison Free #CA #AZ #WI #MI #OK #OH #PA #TX #NV #FL #Orlando #Jacksonville #NC #SC #VA #AAA #Travel #SpringBreak #Home #EV #Hilton   https://t.co/2mU9V55ZpJ,-0.6705,-1
Nothing like a massage on the beach!!! #Beach #vacation #StarGirl #BigMama #Me #Day #Views #Peaceful #Jamaican #Gyal #Mississippi #Thick #Spa #SpaDay #Hilton #Honors #Jamaica #RoseHall https://t.co/iWoowdLVhP,-0.4563,-1
"RT @castudycafe: https://t.co/dd7TGk5WG5, https://t.co/hxq7Qo2t7U, BBA, MBA Vacancy at Hilton https://t.co/Mgcf7TM8s6 #JOBS #BCOM #BBA #HIL‚Ä¶",0.0,0
I Had A Magical Stay At The Homewood Suites By Hilton Anaheim Resort - Convention Center! And The Rooms Are Amazing! #Disneyland #DisneyCaliforniaAdventure #Disney #WaltDisney #MickeyMouse #MinnieMouse  #WaltDisneyCompany #MagicKey  #HomewoodSuites #HomewoodSuitesAnaheim #Hilton https://t.co/YEXZW2ciTQ,0.658,1
#HiltonLabriz #Seychelles have a new Giant Tortoise Sanctuary which allows young tortoises to grow. And to educate guests. Once this size the tortoise is released back to the wild of Silhouette Island where the hotel is located. @dscvranimals #Hilton  @GoodResultsPR https://t.co/kjRXwb2ss6,0.0,0
"Happy birthday to me @DoubleTree @HiltonHonors ....

#ShafiqGhazie #HappyBirthday #lifestyle #fashion #fitness #travel #hilton #RETWEEET #motivation #quote #photo #chocolate https://t.co/myl8g8xecD",0.5719,1
"News : Paris Hilton to Host a Live DJ Session in The Sandbox Metaverse.

Socialite and fashion icon, Paris Hilton has announced a special DJ performance tonight at The Sandbox...

Read more : https://t.co/tAQVlLptem
#Paris #Socialite #DJ #fashion #Sandbox #Hilton https://t.co/HxDSRfnNfl",0.4019,1
"#Hilton to launch #Canopy brand in #Cannes in French Riviera. @HiltonHotels says hotel, with 143 rooms &amp; suites, most with balconies &amp; sea views, to open in 2023. Hotel will have with rooftop terrace bar &amp; pool. Hilton already has @RadissonBlu in Cannes. #IO @Cannes_France https://t.co/SAN3zphP8L",0.6369,1
"[4K #Okinawa walk] Take a walk from ...
 
https://t.co/lvqo2qxgcf
 
#Amex #DJI #Goro„Éà„É©„Éô„É´ #Hilton #Hotel #Lake #Luxualy #Marriott #Ok https://t.co/MN812mzoV0",0.0,0
"We had a great time at this weekend's NADA Show! Thank you to everyone who attended our event at Eight Lounge. ü•Ç
#FoxDealer #NADA #NADASHOW #LasVegas #EightLounge #Hilton https://t.co/UnJ2zHaOUj",0.784,1
"Hilton Undercounter Washbasin (44x56)
https://t.co/h34t9LpA9u

#hilton #undercounter #washbasin #44x56 #washbasins",0.0,0
"Happening tomorrow night, 3/24! Have you made your reservation yet? https://t.co/8CePjdWHQa
#Jazz88 #KBEM #Jazz88Night #Umbra #Canopy #Hilton #downtown #Minneapolis #MillDistrict #liveradio #broadcast #support #local #AfternoonCruise #JazzFutures #jazz #blues #music https://t.co/sMUXTrKMR4",0.0,0
"Hilton set to launch Canopy by Hilton brand in Cannes
@canopybyhilton
#CanopybyHiltonCannes #Cannes #Hilton #newhotel  https://t.co/7GH3ziQy5z",0.0,0
"#Hilton #hotel chain offers free accommodation for #Ukrainians 
Hilton network will provide 1 million rooms in its hotels for #Ukrainians fleeing the war. 
One person can get a free reservation for 5 nights in one of the 200 hotels in #Europe according to the new company‚Äôs policy https://t.co/mLF170lgRs",0.4019,1
Hey @ParisHilton you got a nice place here... #SanLuisPotosi #Hilton #LincolnTheTravelingDog https://t.co/OW6945lHhG,0.4215,1
"Hilton Undercounter Washbasin (42x52)
https://t.co/0TgFN7tISd

#hilton #undercounter #washbasin #42x52 #washbasins",0.0,0
"Don't leave your furry friend at home! You can bring your pup with you to our pet friendly home. üê∂

For Luxury Vacation Rentals
üíå reservations@themarucagroup.com
üìû1 305 704 8404

#PetFriendlyHotel #PetFriendly #hotel #HiltonHotels #Hilton #HiltonGardenInn #PetFriendlyTravel https://t.co/31TBLXGbIb",0.7808,1
"Dive right into happiness as you enjoy our stately amenities and unique hospitality at Conrad Bengaluru.  

For bookings, please contact:
+91 80 2214 4444

Image credits: Waseem Khan

#ConradBengaluru #HiltonHospitality #WeAreHilton #HiltonHonors #Hilton #StayInspired https://t.co/u4853wiA9z",0.891,1
"The list of shame:
https://t.co/0bkTCy1x5t
#UkraineRussiaWar -- #Boycott: #KochNetwork #Subway #Carvel #Schlotzsky #ProctorGamble #Hilton #Hyatt #Marriot #Accor #YumBrands #PizzaHut #TacoBell #KFC #DunkinDonuts #GeneralMills #Mondelez #Oreo  #MarsCandy #DeutscheBank #Metro &amp; more",-0.4767,-1
"RT @HilstonPark: Day 3 of adventures at Hilston Park with @_DWIJ_ .

#fun #Hilton #adventuresbegan https://t.co/loeok1vyoY",0.34,1
"@thalia @worldofwomennft this is so hype for women , this is our chance 
lets join it 
@Peng_CPH
@boey43293217
#hilton #ThalyWOW",0.4939,1
"Eastern Region Social on April 28 and 29 in Raleigh, NC
#raleighnc #raleigh #NorthCarolina #cigars #NC #EasternRegion #ipt1963 #iotaphitheta #Hilton #Doubletree #triangle #Durham #RDU https://t.co/yLkrKslUgT",0.0,0
"Are @hilton hotels among those with staff involved in human trafficking? Why did someone attempt to open my room door, WITH the fucking keycard, at 12.50am? I called the front desk and they offered me points or drinks. One word. REFUND. 
#SoloTravel #WomenTravel #Travel #Hilton",0.0,0
RT @BuiltByFirmo: A beautiful #Florida sunrise at our @HamptonByHilton site in #FortMyers to start the week off right! Thank you to the pho‚Ä¶,0.7712,1
"@HamptonByHilton 

Gotta add the Google review too

#Google
#Google reviews
#Hampton
#Hilton 
#hamptonbyhilton #denver #colorado #denverhotels https://t.co/N9NCkHeylJ",0.0,0
I've converted a photo I took of the lighthouse at Hale Head near Widnes into a drawing using app on my  #Hale #Head #Lighthouse #Hilton #Widnes #Drawing #DigitalArt #Photography #Architecture #Grass #Buildings #Landscape https://t.co/7WGObqBfu9,0.0,0
"#Speakman's Neo Diverter Tub Spout may not be a toy, but, just like a child, it'll make you shout for joy. Give that old bathroom a fond farewell by upgrading it with the spout used in #Hilton's hotels. #WorldPoetryDay https://t.co/iJNJaRaGH9 https://t.co/JAi1ocR9DP",0.9231,1
"RT @SouthernOntColl: The Power of Now At Transcorp Hilton, Abuja

On March 24-26 join our amazing team to discuss studying abroad and immig‚Ä¶",0.7184,1
"It's Back!  Roll Up To Win‚Ñ¢ with Tim Hortons and Hilton ü§©ü•≥ You can Roll Up a 6-night stay in sunny Florida! ‚òÄÔ∏è   #rolluptowin #timhortons #hilton #florida

https://t.co/haznDmmCMy https://t.co/Dara72Wsa2",0.5242,1
@LA_DoubleTree at @LA_DoubleTree by @hilton didn't deliver my luggage. It happened two weeks ago and they have not resolved me. They don't answer me anymore. I have already communicated by DM with you and you don't care. #Hilton #thief #sucks @LA_DoubleTree @DoubleTree @HiltonHotels,-0.4847,-1
"RT @Mr__OG: Yo @ParisHilton check out this custom 1/1 tribute Hppr that @shakkablood has made for you!! 

Peep the cute pooch! And the Pari‚Ä¶",0.5962,1
@meena This lady is much beautiful than #paris #hilton üòä,0.5994,1
"Day 3 of adventures at Hilston Park with @_DWIJ_ .

#fun #Hilton #adventuresbegan https://t.co/loeok1vyoY",0.34,1
"@HiltonNewsroom #wellness The Boulders Resort &amp; Spa Scottsdale, Curio Collection by Hilton.  480-595-3500.  https://t.co/6xg1RSSPEN #bestofboulders #curiocollection #hilton #Mindfulness https://t.co/ijNA0ihu8z",0.0,0
"@HiltonHotels @DoubleTree 
Sitting, waiting in the lobby for our room to be ready.  It‚Äôs been an hour. We look homeless, bags, kids. At least the cookies were warm.
#Hilton #Doubletree #vacay üòéüò≥ü•±üò¥",0.5423,1
#HotelsResorts #Hilton Hilton Plans to Double France Portfolio https://t.co/LuNRuM2G9w https://t.co/Us1NtKHuKh,0.0,0
"We all know that life is better in flip-flops! Join us for Spring Break and leave your winter boots behind.üå¥‚òÄÔ∏è 

#springbreak #spring #flipflops #funinthesun #sunshine #beach #beachvacation #vacation #hotel #getaway #florida #southflorida #hilton #travel #traveling https://t.co/rv4pn0OBst",0.636,1
Southern Cross Perso - Migration Agent Administrator https://t.co/Gy1mLkECxL #job #Hilton,0.0,0
#Hilton looks packed‚Äîmore so than Friday night. But not even half the concessions are open. Lost $$ @CycloneATH,-0.4497,-1
"@DoubleTree I know who Mark is (it seems you don't read what I write to you) 
10 days ago, this guy sent the second and last email. He no longer responds to messages or phone calls. Please take responsibility for the incompetence and stupidity of your staff.
#hilton #sucks ,@HiltonHotels",-0.7269,-1
"RT @indiaoutbound: #Hilton beats estimates for quarterly profit &amp; revenue, as vaccinations &amp; rebound in travel in holiday period boosted oc‚Ä¶",0.7964,1
"@DoubleTree Hi Marissa
I know who Mark is (it seems you don't read what I write to you) 
10 days ago, this guy sent the second and last email. He no longer responds to messages or phone calls. Please take responsibility for the incompetence and stupidity of your staff.
#hilton #sucks",-0.7269,-1
"We are #hiring. We are looking for a Coordinator/Admin with #Hilton experience for our hotel in #SilverSpring.  Must know OnQ, Delphi FDC and RNI.  Please DM me if you or someone you know would be a good fit. #hotel #experience",0.7717,1
"@thalia @worldofwomennft this is so hype for women , this is our chance 
lets join it 
@kiktan8 
@boey43293217
#hilton #ThalyWOW",0.4939,1
@CycloneWBB taking care of business... #Sweet16 #Hilton way less anxiety as they win by 23!,0.7836,1
"There is nothing like curling up in fresh hotel sheets.  Visit our website today to make your reservation! üõè
.
.
.
#hotelsheets #hotellife #travellife #hiltongardeninn #honors #hilton #hiltonhotels #wearehilton #wearehospitality #weloveourguests #visitabq #albuquerque https://t.co/ACutumHzqJ",0.1235,1
@HiltonHonors at @LA_DoubleTree by @hilton didn't deliver my luggage. It happened two weeks ago and they have not resolved me. They don't answer me anymore. I have already communicated by DM with you and you don't care. #Hilton #thief #sucks @LA_DoubleTree @DoubleTree @HiltonHotels https://t.co/XmB0ZgLzFe,-0.4847,-1
"The Power of Now At Transcorp Hilton, Abuja

On March 24-26 join our amazing team to discuss studying abroad and immigration among other important things for your child's future.

#Transcorp #hilton #immigration #Abuja #SOC #SouthernOntarioCollegiate #Cradle2Harvard #Canada #Visa https://t.co/XSxb85Y2Zx",0.7783,1
"Don't miss this epic match! Egypt Vs Senegal on March 25th at OB's bar.
And Enjoy our special menu for fine selection of beverages &amp; snacks that you can choose from to dazzle your night.

#football #footballchallenge #foodlovers #tasteofhilton #Hilton #footballmatches https://t.co/2krp7b0Aqg",0.8144,1
"@HannaLiubakova @ZelenskyyUa My wife and I usually take 3 vacations a year here in the US with #Hilton and #Marriott first choice but ""no more"" until they stop supporting #PutinHitler.
#GloryToUkraine",-0.2836,-1
"Well, it‚Äôs #truth thank you ‚Å¶@RyanSerhant‚Å© ‚Å¶@BarbaraCorcoran‚Å© ‚Å¶@LoriGreiner‚Å© ‚Å¶@robertherjavec‚Å©  BTW/ your in person session on ‚ÄúTHE WILL TO WIN‚Äù was on point @#hilton in #atlanta  https://t.co/xxUNPk2R8m",0.5574,1
Jus a Friday night at work.....bored ü§¶‚Äç‚ôÄÔ∏è #hotel #frontdesk #Hilton #BoredAtWork https://t.co/xVNAhZLxNW,0.0,0
RT @thetraveltrunk: #HiltonLabriz #Seychelles have a new Giant Tortoise Sanctuary which allows young tortoises to grow. And to educate gues‚Ä¶,0.0,0
@HiltonHotels at @LA_DoubleTree by @hilton didn't deliver my luggage. It happened two weeks ago and they have not resolved me. They don't answer me anymore. I have already communicated by DM with you and you don't care. #Hilton #thief #sucks @LA_DoubleTree @DoubleTree @HiltonHotels https://t.co/1N4J84uUPG,-0.4847,-1
Business traveling is exhausting but at least I was upgraded #hilton,-0.1901,-1
"@thalia @worldofwomennft this is so hype for women , this is our chance 
lets join it 
@kiktan8 
@peng15403602 
#hilton #ThalyWOW",0.4939,1
#dinner at the #sushi #restaurant at #hilton #resortsworld on #bimini. someone walks by with a #speaker and @xstitchingwcat starts a #danceparty. with @xstitchingwcat @merdav @amberislandhops and joe. @rwbimini #bahamas https://t.co/Xyfx0kwSu6,0.0,0
"Don't keep calm... Ignite it on March 25th night! Cheering Egypt Vs Senegal at our OB's bar.
Your favorite game will taste better with our OB's bar menu .

Book your table now at 01000593596

#football #footballchallenge #foodlovers #tasteofhilton #Hilton #footballmatches https://t.co/PY5AoZSfm7",0.8588,1
"Anniversary Maneuvers, 5 years #hilton #love https://t.co/YtbZL6oXcr",0.0,0
Been at #Hilton for both @MarchMadnessWBB games. Only one song sung by a woman. Seriously?! There are some kick-ass female singers whose song would be amazing in the arena. #Equity,0.6239,1
DONT BUY FROM #Warmonger supporting COMPANIES.. they are listed in #yaleschoolofmanagement #HallOfShame for continuing to support PUTINS illegal  #russoukrainian WAR .. include many brands and RW backers .. even #Hilton #Hyatt #Marriott #DunkinDonuts #Subway #TacoBell @votevets https://t.co/ZU8hNIesX5,-0.5622,-1
BEACH LIFE. ‚òÄÔ∏è Who else is ready to hit the sand-filled beaches? Loving the @hiltonsandestin too. ‚ù§Ô∏è #Hilton #Florida #beach #resort #TheHotelGuide https://t.co/YHlvH1bdhe,0.7506,1
Businesses to boycott because they aren‚Äôt pulling out of Russia #dunkindonuts #subway #hilton #hyatt #marriott #tacobell #pizzahut #proctorandgamble,-0.3182,-1
Good morning France #france #breakfast #morning #travel #europe #canopyhotel #hilton @ Canopy Paris Trocadero https://t.co/voMpC8bRNc,0.4404,1
at @LA_DoubleTree by @hilton didn't deliver my luggage. It happened two weeks ago and they have not resolved me. They don't answer me anymore. I have already communicated by DM with you and you don't care. #Hilton #thief #sucks @LA_DoubleTree @DoubleTree @HiltonHotels https://t.co/dl8w6eo9s6,-0.4847,-1
"A lavish new private island resort is set to open in Abu Dhabi next year. Located on Al Nawras Island, the island retreat will be managed by @HiltonHotels.
#brand #dubai #hotels #hilton #abudhabi #growth #islandresort #hotelnews #hospitalitynews #resorts 

https://t.co/nXVhVDgAlJ",0.2023,1
"Hilton Hotel Promotion Backgammon
https://t.co/t84kHjZVwI

#hilton #hotel #promotion #backgammon #manufacturers",0.0,0
#adelaidefestival here i come this weekend + #barossa üòú hilton yes hello #hilton :),0.6908,1
"At Hillton Study Center, you are equipped with the necessary skills and training to excel in your SAT and IELTS exams. Visit us at Ring Road East, Behind Glory Oil, Danquah Circle, or call (233) 0542 731 818. Click here to contact us via WhatsApp: https://t.co/NjtgX37Flv #hilton https://t.co/nMZ4OmuymR",0.7579,1
"Loved my European vacation, great to be back. #home #vacation #europe #family #aireuropa #spain #paris #italy #hilton @ West Palm Beach, Florida https://t.co/zJuyKHt2T6",0.8402,1
Goodmorning San Jose #costarica #hilton #SanJose2022 #ColdplaySanJose #ColdplayCR #work #landscapephotography #perfect #gm https://t.co/R835rEDbev,0.0,0
"Phoenix Peeps looking for opportunity in Hospitality Industry, looking to get Resort Experience #hospitality #hilton #cheflife #HumanResources https://t.co/oXFydQXN3h",0.4215,1
"Recycle the present for the future!

Our partnership with @hiltonabuja gives us the opportunity to recycle leftover soaps that we donate to rural communities.

Happy Global Recycling Day!

#ACECharity #recycling #SoapforHope #hilton #empowerment https://t.co/3YVJ4E5Slg",0.7955,1
"RT @Moonshot7161969: The list of shame:
https://t.co/0bkTCy1x5t
#UkraineRussiaWar -- #Boycott: #KochNetwork #Subway #Carvel #Schlotzsky #Pr‚Ä¶",-0.4767,-1
"@McLarenF1 @danielricciardo Does it feel good to you guys to still be promoting #Hilton on your car and clothes, a company that is still doing business in #Russia? Shame on you, @McLarenF1! Blood on your hands. @LandoNorris @ZBrownCEO @danielricciardo",0.3802,1
"I'm in PMB and I need a private paying gig for the weekend it can be Driving or Administrative assistance. 

I cant stomach being this free on weekends. So please help me out and I'll help you out‚ùó

#Pietermaritzburg #Hilton https://t.co/Lduik3s2DW",0.9086,1
@Hilton at @LA_DoubleTree by @hilton didn't deliver my luggage. It happened two weeks ago and they have not resolved me. They don't answer me anymore. I have already communicated by DM with you and you don't care. #Hilton #thief #sucks @LA_DoubleTree @DoubleTree @HiltonHotels,-0.4847,-1
@IanPannell @ZelenskyyUa @Yale ESPECIALLY #Hilton #Hyatt #Marriott .. also #BurgerKing whose OLIGARCH owner was just revealed in BVI see @OCCRP SEE #HallOfShame companies.. https://t.co/m9pPU0K5v6 #StandWithUkraine  #YaleUniversity @guardian  @maddow @CNNnewsroom  @business @WSJ  @FinancialTimes,0.0,0
"Palmer House #Hilton hotel‚Äôs Ken Price, the ‚Äòlast of the great publicists,‚Äô has died at 82 https://t.co/CIb8uK2ICo",0.128,1
"RT @_AliciaAudrey: Are @hilton hotels among those with staff involved in human trafficking? Why did someone attempt to open my room door, W‚Ä¶",0.0,0
"ùëπùíÜùíÇùíÖ ùíïùíâùíÜ ùíìùíêùíêùíé.

In cozy corners at the Conrad Library, dive into insightful beginnings and eventful endings.

#ConradBengaluru #HiltonHospitality #WeAreHilton #HiltonHonors #Hilton #StaySafe #StayInspired #BangaloreGetaways #BangaloreStaycations #WhatsHotBengaluru https://t.co/C2FiNMCoHT",0.0,0
RT @SHOCKW4VED: @MrNovusOrdo @squad3o3 @YourAnonNews #Hilton and #Marriott hotels are also still doing business in Russia.,0.0,0
